dataset,seed,feature_source,readout,accuracy,feature_sparsity,feature_train_time_s,readout_train_time_s,train_subset_n,test_subset_n,status,error
mnist,0,oja,logreg,0.483,0.140953125,3.285745620727539,0.3784658908843994,2000,1000,ok,
mnist,0,oja,ridge,0.8,0.140953125,3.285745620727539,0.0050976276397705,2000,1000,ok,
mnist,0,oja,linear_svm,0.54,0.140953125,3.285745620727539,0.3347818851470947,2000,1000,ok,
mnist,0,oja,knn5,0.611,0.140953125,3.285745620727539,1.2566964626312256,2000,1000,ok,
mnist,0,oja,small_mlp,0.451,0.140953125,3.285745620727539,0.2480673789978027,2000,1000,ok,
mnist,0,sparse_oja,logreg,0.167,0.8984375,2.1986186504364014,0.6775922775268555,2000,1000,ok,
mnist,0,sparse_oja,ridge,0.279,0.8984375,2.1986186504364014,0.0050857067108154,2000,1000,ok,
mnist,0,sparse_oja,linear_svm,0.15,0.8984375,2.1986186504364014,0.4135270118713379,2000,1000,ok,
mnist,0,sparse_oja,knn5,0.238,0.8984375,2.1986186504364014,1.0849957466125488,2000,1000,ok,
mnist,0,sparse_oja,small_mlp,0.102,0.8984375,2.1986186504364014,0.1023471355438232,2000,1000,ok,
mnist,0,homeostatic_sparse_oja,logreg,0.184,0.8984375,2.490501642227173,0.7168529033660889,2000,1000,ok,
mnist,0,homeostatic_sparse_oja,ridge,0.293,0.8984375,2.490501642227173,0.0045230388641357,2000,1000,ok,
mnist,0,homeostatic_sparse_oja,linear_svm,0.202,0.8984375,2.490501642227173,0.3791165351867676,2000,1000,ok,
mnist,0,homeostatic_sparse_oja,knn5,0.237,0.8984375,2.490501642227173,1.1776182651519775,2000,1000,ok,
mnist,0,homeostatic_sparse_oja,small_mlp,0.101,0.8984375,2.490501642227173,0.0438334941864013,2000,1000,ok,
mnist,0,raw_pixels,logreg,0.841,0.0,0.0018777847290039,2.5178751945495605,2000,1000,ok,
mnist,0,raw_pixels,ridge,0.796,0.0,0.0018777847290039,0.2143869400024414,2000,1000,ok,
mnist,0,raw_pixels,linear_svm,0.843,0.0,0.0018777847290039,0.8015658855438232,2000,1000,ok,
mnist,0,raw_pixels,knn5,0.918,0.0,0.0018777847290039,1.4055938720703125,2000,1000,ok,
mnist,0,raw_pixels,small_mlp,0.897,0.0,0.0018777847290039,2.987839698791504,2000,1000,ok,
mnist,1,oja,logreg,0.516,0.1163828125,1.832332849502564,0.5354082584381104,2000,1000,ok,
mnist,1,oja,ridge,0.792,0.1163828125,1.832332849502564,0.0060248374938964,2000,1000,ok,
mnist,1,oja,linear_svm,0.474,0.1163828125,1.832332849502564,0.2993757724761963,2000,1000,ok,
mnist,1,oja,knn5,0.577,0.1163828125,1.832332849502564,1.2571778297424316,2000,1000,ok,
mnist,1,oja,small_mlp,0.553,0.1163828125,1.832332849502564,0.2083809375762939,2000,1000,ok,
mnist,1,sparse_oja,logreg,0.1,0.8984375,3.401333808898926,0.6351315975189209,2000,1000,ok,
mnist,1,sparse_oja,ridge,0.277,0.8984375,3.401333808898926,0.0049977302551269,2000,1000,ok,
mnist,1,sparse_oja,linear_svm,0.105,0.8984375,3.401333808898926,0.365239143371582,2000,1000,ok,
mnist,1,sparse_oja,knn5,0.186,0.8984375,3.401333808898926,1.170114040374756,2000,1000,ok,
mnist,1,sparse_oja,small_mlp,0.118,0.8984375,3.401333808898926,0.1312015056610107,2000,1000,ok,
mnist,1,homeostatic_sparse_oja,logreg,0.11,0.8984375,2.3010594844818115,0.6329495906829834,2000,1000,ok,
mnist,1,homeostatic_sparse_oja,ridge,0.281,0.8984375,2.3010594844818115,0.0045466423034667,2000,1000,ok,
mnist,1,homeostatic_sparse_oja,linear_svm,0.138,0.8984375,2.3010594844818115,0.3271474838256836,2000,1000,ok,
mnist,1,homeostatic_sparse_oja,knn5,0.195,0.8984375,2.3010594844818115,0.9111852645874025,2000,1000,ok,
mnist,1,homeostatic_sparse_oja,small_mlp,0.109,0.8984375,2.3010594844818115,0.1186275482177734,2000,1000,ok,
mnist,1,raw_pixels,logreg,0.854,0.0,0.0739083290100097,2.2625741958618164,2000,1000,ok,
mnist,1,raw_pixels,ridge,0.807,0.0,0.0739083290100097,0.2537930011749267,2000,1000,ok,
mnist,1,raw_pixels,linear_svm,0.854,0.0,0.0739083290100097,0.9050619602203368,2000,1000,ok,
mnist,1,raw_pixels,knn5,0.911,0.0,0.0739083290100097,1.4059116840362549,2000,1000,ok,
mnist,1,raw_pixels,small_mlp,0.891,0.0,0.0739083290100097,3.0847299098968506,2000,1000,ok,
mnist,2,oja,logreg,0.629,0.072015625,3.786123514175415,0.4329159259796142,2000,1000,ok,
mnist,2,oja,ridge,0.792,0.072015625,3.786123514175415,0.0053956508636474,2000,1000,ok,
mnist,2,oja,linear_svm,0.439,0.072015625,3.786123514175415,0.2626032829284668,2000,1000,ok,
mnist,2,oja,knn5,0.594,0.072015625,3.786123514175415,1.2630627155303955,2000,1000,ok,
mnist,2,oja,small_mlp,0.167,0.072015625,3.786123514175415,0.0495350360870361,2000,1000,ok,
mnist,2,sparse_oja,logreg,0.133,0.8984375,2.307697296142578,0.6657648086547852,2000,1000,ok,
mnist,2,sparse_oja,ridge,0.376,0.8984375,2.307697296142578,0.0045158863067626,2000,1000,ok,
mnist,2,sparse_oja,linear_svm,0.219,0.8984375,2.307697296142578,0.3477864265441894,2000,1000,ok,
mnist,2,sparse_oja,knn5,0.231,0.8984375,2.307697296142578,1.1590187549591064,2000,1000,ok,
mnist,2,sparse_oja,small_mlp,0.121,0.8984375,2.307697296142578,0.1186842918395996,2000,1000,ok,
mnist,2,homeostatic_sparse_oja,logreg,0.14,0.8984375,1.972054481506348,0.6347877979278564,2000,1000,ok,
mnist,2,homeostatic_sparse_oja,ridge,0.404,0.8984375,1.972054481506348,0.0047903060913085,2000,1000,ok,
mnist,2,homeostatic_sparse_oja,linear_svm,0.179,0.8984375,1.972054481506348,0.365459680557251,2000,1000,ok,
mnist,2,homeostatic_sparse_oja,knn5,0.232,0.8984375,1.972054481506348,1.1757004261016846,2000,1000,ok,
mnist,2,homeostatic_sparse_oja,small_mlp,0.12,0.8984375,1.972054481506348,0.1063032150268554,2000,1000,ok,
mnist,2,raw_pixels,logreg,0.835,0.0,0.0019657611846923,2.483933448791504,2000,1000,ok,
mnist,2,raw_pixels,ridge,0.79,0.0,0.0019657611846923,0.2165162563323974,2000,1000,ok,
mnist,2,raw_pixels,linear_svm,0.835,0.0,0.0019657611846923,0.865631103515625,2000,1000,ok,
mnist,2,raw_pixels,knn5,0.908,0.0,0.0019657611846923,1.440870761871338,2000,1000,ok,
mnist,2,raw_pixels,small_mlp,0.88,0.0,0.0019657611846923,2.488152027130127,2000,1000,ok,
mnist,3,oja,logreg,0.462,0.060203125,2.390627384185791,0.416332483291626,2000,1000,ok,
mnist,3,oja,ridge,0.827,0.060203125,2.390627384185791,0.0104651451110839,2000,1000,ok,
mnist,3,oja,linear_svm,0.538,0.060203125,2.390627384185791,0.292687177658081,2000,1000,ok,
mnist,3,oja,knn5,0.618,0.060203125,2.390627384185791,1.1609947681427002,2000,1000,ok,
mnist,3,oja,small_mlp,0.448,0.060203125,2.390627384185791,0.3275454044342041,2000,1000,ok,
mnist,3,sparse_oja,logreg,0.193,0.8984375,3.2008748054504395,0.7223520278930664,2000,1000,ok,
mnist,3,sparse_oja,ridge,0.263,0.8984375,3.2008748054504395,0.0046908855438232,2000,1000,ok,
mnist,3,sparse_oja,linear_svm,0.171,0.8984375,3.2008748054504395,0.3746919631958008,2000,1000,ok,
mnist,3,sparse_oja,knn5,0.189,0.8984375,3.2008748054504395,1.0771496295928955,2000,1000,ok,
mnist,3,sparse_oja,small_mlp,0.186,0.8984375,3.2008748054504395,0.2393226623535156,2000,1000,ok,
mnist,3,homeostatic_sparse_oja,logreg,0.104,0.8984375,2.9555306434631348,0.6831917762756348,2000,1000,ok,
mnist,3,homeostatic_sparse_oja,ridge,0.279,0.8984375,2.9555306434631348,0.0054459571838378,2000,1000,ok,
mnist,3,homeostatic_sparse_oja,linear_svm,0.148,0.8984375,2.9555306434631348,0.4008376598358154,2000,1000,ok,
mnist,3,homeostatic_sparse_oja,knn5,0.194,0.8984375,2.9555306434631348,1.2911112308502195,2000,1000,ok,
mnist,3,homeostatic_sparse_oja,small_mlp,0.152,0.8984375,2.9555306434631348,0.210345983505249,2000,1000,ok,
mnist,3,raw_pixels,logreg,0.839,0.0,0.0019941329956054,2.376950263977051,2000,1000,ok,
mnist,3,raw_pixels,ridge,0.815,0.0,0.0019941329956054,0.3564240932464599,2000,1000,ok,
mnist,3,raw_pixels,linear_svm,0.843,0.0,0.0019941329956054,0.8068094253540039,2000,1000,ok,
mnist,3,raw_pixels,knn5,0.909,0.0,0.0019941329956054,1.2982332706451416,2000,1000,ok,
mnist,3,raw_pixels,small_mlp,0.894,0.0,0.0019941329956054,2.28916335105896,2000,1000,ok,
mnist,4,oja,logreg,0.643,0.0799453125,1.8898227214813232,0.3910245895385742,2000,1000,ok,
mnist,4,oja,ridge,0.796,0.0799453125,1.8898227214813232,0.0045962333679199,2000,1000,ok,
mnist,4,oja,linear_svm,0.484,0.0799453125,1.8898227214813232,0.3243093490600586,2000,1000,ok,
mnist,4,oja,knn5,0.609,0.0799453125,1.8898227214813232,1.066791296005249,2000,1000,ok,
mnist,4,oja,small_mlp,0.466,0.0799453125,1.8898227214813232,0.2358427047729492,2000,1000,ok,
mnist,4,sparse_oja,logreg,0.2,0.8984375,2.500298023223877,0.7684934139251709,2000,1000,ok,
mnist,4,sparse_oja,ridge,0.316,0.8984375,2.500298023223877,0.0048520565032958,2000,1000,ok,
mnist,4,sparse_oja,linear_svm,0.196,0.8984375,2.500298023223877,0.3555538654327392,2000,1000,ok,
mnist,4,sparse_oja,knn5,0.207,0.8984375,2.500298023223877,1.1477091312408447,2000,1000,ok,
mnist,4,sparse_oja,small_mlp,0.164,0.8984375,2.500298023223877,0.0405452251434326,2000,1000,ok,
mnist,4,homeostatic_sparse_oja,logreg,0.183,0.8984375,2.79884934425354,0.7283151149749756,2000,1000,ok,
mnist,4,homeostatic_sparse_oja,ridge,0.332,0.8984375,2.79884934425354,0.0047712326049804,2000,1000,ok,
mnist,4,homeostatic_sparse_oja,linear_svm,0.189,0.8984375,2.79884934425354,0.3419342041015625,2000,1000,ok,
mnist,4,homeostatic_sparse_oja,knn5,0.209,0.8984375,2.79884934425354,1.2023777961730957,2000,1000,ok,
mnist,4,homeostatic_sparse_oja,small_mlp,0.156,0.8984375,2.79884934425354,0.1054770946502685,2000,1000,ok,
mnist,4,raw_pixels,logreg,0.859,0.0,0.0009891986846923,2.2336580753326416,2000,1000,ok,
mnist,4,raw_pixels,ridge,0.8,0.0,0.0009891986846923,0.3792426586151123,2000,1000,ok,
mnist,4,raw_pixels,linear_svm,0.857,0.0,0.0009891986846923,0.8390886783599854,2000,1000,ok,
mnist,4,raw_pixels,knn5,0.896,0.0,0.0009891986846923,1.3531639575958252,2000,1000,ok,
mnist,4,raw_pixels,small_mlp,0.904,0.0,0.0009891986846923,4.498444557189941,2000,1000,ok,
mnist,5,oja,logreg,0.62,0.0936640625,2.290489435195923,0.4729406833648681,2000,1000,ok,
mnist,5,oja,ridge,0.82,0.0936640625,2.290489435195923,0.0046038627624511,2000,1000,ok,
mnist,5,oja,linear_svm,0.386,0.0936640625,2.290489435195923,0.3341851234436035,2000,1000,ok,
mnist,5,oja,knn5,0.613,0.0936640625,2.290489435195923,1.0613749027252195,2000,1000,ok,
mnist,5,oja,small_mlp,0.246,0.0936640625,2.290489435195923,0.1421699523925781,2000,1000,ok,
mnist,5,sparse_oja,logreg,0.131,0.8984375,2.497183084487915,0.5894854068756104,2000,1000,ok,
mnist,5,sparse_oja,ridge,0.257,0.8984375,2.497183084487915,0.0041594505310058,2000,1000,ok,
mnist,5,sparse_oja,linear_svm,0.141,0.8984375,2.497183084487915,0.3857302665710449,2000,1000,ok,
mnist,5,sparse_oja,knn5,0.189,0.8984375,2.497183084487915,1.0895774364471436,2000,1000,ok,
mnist,5,sparse_oja,small_mlp,0.098,0.8984375,2.497183084487915,0.1259822845458984,2000,1000,ok,
mnist,5,homeostatic_sparse_oja,logreg,0.136,0.8984375,2.4014201164245605,0.5521378517150879,2000,1000,ok,
mnist,5,homeostatic_sparse_oja,ridge,0.266,0.8984375,2.4014201164245605,0.005272626876831,2000,1000,ok,
mnist,5,homeostatic_sparse_oja,linear_svm,0.148,0.8984375,2.4014201164245605,0.3486151695251465,2000,1000,ok,
mnist,5,homeostatic_sparse_oja,knn5,0.188,0.8984375,2.4014201164245605,1.0768308639526367,2000,1000,ok,
mnist,5,homeostatic_sparse_oja,small_mlp,0.097,0.8984375,2.4014201164245605,0.1308910846710205,2000,1000,ok,
mnist,5,raw_pixels,logreg,0.837,0.0,0.0007500648498535,2.5470919609069824,2000,1000,ok,
mnist,5,raw_pixels,ridge,0.808,0.0,0.0007500648498535,0.3862624168395996,2000,1000,ok,
mnist,5,raw_pixels,linear_svm,0.833,0.0,0.0007500648498535,0.805201530456543,2000,1000,ok,
mnist,5,raw_pixels,knn5,0.908,0.0,0.0007500648498535,1.5986921787261963,2000,1000,ok,
mnist,5,raw_pixels,small_mlp,0.891,0.0,0.0007500648498535,2.085377693176269,2000,1000,ok,
mnist,6,oja,logreg,0.527,0.1168359375,2.089510679244995,0.4727458953857422,2000,1000,ok,
mnist,6,oja,ridge,0.806,0.1168359375,2.089510679244995,0.0043282508850097,2000,1000,ok,
mnist,6,oja,linear_svm,0.38,0.1168359375,2.089510679244995,0.3551549911499023,2000,1000,ok,
mnist,6,oja,knn5,0.603,0.1168359375,2.089510679244995,1.1431834697723389,2000,1000,ok,
mnist,6,oja,small_mlp,0.551,0.1168359375,2.089510679244995,0.3063466548919678,2000,1000,ok,
mnist,6,sparse_oja,logreg,0.247,0.8984375,2.985460996627808,0.7705519199371338,2000,1000,ok,
mnist,6,sparse_oja,ridge,0.325,0.8984375,2.985460996627808,0.0055751800537109,2000,1000,ok,
mnist,6,sparse_oja,linear_svm,0.188,0.8984375,2.985460996627808,0.4169654846191406,2000,1000,ok,
mnist,6,sparse_oja,knn5,0.22,0.8984375,2.985460996627808,1.2786870002746582,2000,1000,ok,
mnist,6,sparse_oja,small_mlp,0.1,0.8984375,2.985460996627808,0.0355279445648193,2000,1000,ok,
mnist,6,homeostatic_sparse_oja,logreg,0.23,0.8984375,2.4956371784210205,0.6276459693908691,2000,1000,ok,
mnist,6,homeostatic_sparse_oja,ridge,0.337,0.8984375,2.4956371784210205,0.0058557987213134,2000,1000,ok,
mnist,6,homeostatic_sparse_oja,linear_svm,0.24,0.8984375,2.4956371784210205,0.357558012008667,2000,1000,ok,
mnist,6,homeostatic_sparse_oja,knn5,0.227,0.8984375,2.4956371784210205,1.0955820083618164,2000,1000,ok,
mnist,6,homeostatic_sparse_oja,small_mlp,0.1,0.8984375,2.4956371784210205,0.1072940826416015,2000,1000,ok,
mnist,6,raw_pixels,logreg,0.833,0.0,0.0009362697601318,2.16775894165039,2000,1000,ok,
mnist,6,raw_pixels,ridge,0.819,0.0,0.0009362697601318,0.3257815837860107,2000,1000,ok,
mnist,6,raw_pixels,linear_svm,0.826,0.0,0.0009362697601318,0.7199695110321045,2000,1000,ok,
mnist,6,raw_pixels,knn5,0.905,0.0,0.0009362697601318,1.3620762825012207,2000,1000,ok,
mnist,6,raw_pixels,small_mlp,0.891,0.0,0.0009362697601318,2.9991559982299805,2000,1000,ok,
mnist,7,oja,logreg,0.525,0.1149140625,2.9921815395355225,0.4858841896057129,2000,1000,ok,
mnist,7,oja,ridge,0.789,0.1149140625,2.9921815395355225,0.0050439834594726,2000,1000,ok,
mnist,7,oja,linear_svm,0.252,0.1149140625,2.9921815395355225,0.2501969337463379,2000,1000,ok,
mnist,7,oja,knn5,0.601,0.1149140625,2.9921815395355225,1.0548937320709229,2000,1000,ok,
mnist,7,oja,small_mlp,0.168,0.1149140625,2.9921815395355225,0.1310844421386718,2000,1000,ok,
mnist,7,sparse_oja,logreg,0.131,0.8984375,4.009455442428589,0.7212533950805664,2000,1000,ok,
mnist,7,sparse_oja,ridge,0.311,0.8984375,4.009455442428589,0.006113052368164,2000,1000,ok,
mnist,7,sparse_oja,linear_svm,0.183,0.8984375,4.009455442428589,0.4267530441284179,2000,1000,ok,
mnist,7,sparse_oja,knn5,0.25,0.8984375,4.009455442428589,1.225515842437744,2000,1000,ok,
mnist,7,sparse_oja,small_mlp,0.18,0.8984375,4.009455442428589,0.210360050201416,2000,1000,ok,
mnist,7,homeostatic_sparse_oja,logreg,0.131,0.8984375,3.100796937942505,0.6845636367797852,2000,1000,ok,
mnist,7,homeostatic_sparse_oja,ridge,0.322,0.8984375,3.100796937942505,0.0056869983673095,2000,1000,ok,
mnist,7,homeostatic_sparse_oja,linear_svm,0.227,0.8984375,3.100796937942505,0.3610849380493164,2000,1000,ok,
mnist,7,homeostatic_sparse_oja,knn5,0.268,0.8984375,3.100796937942505,1.2271573543548584,2000,1000,ok,
mnist,7,homeostatic_sparse_oja,small_mlp,0.228,0.8984375,3.100796937942505,0.1330587863922119,2000,1000,ok,
mnist,7,raw_pixels,logreg,0.849,0.0,0.0007135868072509,2.618662118911743,2000,1000,ok,
mnist,7,raw_pixels,ridge,0.794,0.0,0.0007135868072509,0.3403878211975097,2000,1000,ok,
mnist,7,raw_pixels,linear_svm,0.85,0.0,0.0007135868072509,0.7436964511871338,2000,1000,ok,
mnist,7,raw_pixels,knn5,0.915,0.0,0.0007135868072509,1.4471147060394287,2000,1000,ok,
mnist,7,raw_pixels,small_mlp,0.887,0.0,0.0007135868072509,7.293933153152466,2000,1000,ok,
mnist,8,oja,logreg,0.579,0.1023515625,2.98673152923584,0.4299192428588867,2000,1000,ok,
mnist,8,oja,ridge,0.834,0.1023515625,2.98673152923584,0.0047292709350585,2000,1000,ok,
mnist,8,oja,linear_svm,0.548,0.1023515625,2.98673152923584,0.2846448421478271,2000,1000,ok,
mnist,8,oja,knn5,0.559,0.1023515625,2.98673152923584,1.2503652572631836,2000,1000,ok,
mnist,8,oja,small_mlp,0.398,0.1023515625,2.98673152923584,0.2130627632141113,2000,1000,ok,
mnist,8,sparse_oja,logreg,0.227,0.8984375,2.8023977279663086,0.6775956153869629,2000,1000,ok,
mnist,8,sparse_oja,ridge,0.343,0.8984375,2.8023977279663086,0.0049216747283935,2000,1000,ok,
mnist,8,sparse_oja,linear_svm,0.161,0.8984375,2.8023977279663086,0.4250316619873047,2000,1000,ok,
mnist,8,sparse_oja,knn5,0.237,0.8984375,2.8023977279663086,1.3691883087158203,2000,1000,ok,
mnist,8,sparse_oja,small_mlp,0.105,0.8984375,2.8023977279663086,0.0987155437469482,2000,1000,ok,
mnist,8,homeostatic_sparse_oja,logreg,0.238,0.8984375,2.9010908603668213,0.6553237438201904,2000,1000,ok,
mnist,8,homeostatic_sparse_oja,ridge,0.344,0.8984375,2.9010908603668213,0.0047705173492431,2000,1000,ok,
mnist,8,homeostatic_sparse_oja,linear_svm,0.177,0.8984375,2.9010908603668213,0.3380239009857178,2000,1000,ok,
mnist,8,homeostatic_sparse_oja,knn5,0.235,0.8984375,2.9010908603668213,1.1812992095947266,2000,1000,ok,
mnist,8,homeostatic_sparse_oja,small_mlp,0.104,0.8984375,2.9010908603668213,0.1437537670135498,2000,1000,ok,
mnist,8,raw_pixels,logreg,0.848,0.0,0.0014374256134033,2.4414846897125244,2000,1000,ok,
mnist,8,raw_pixels,ridge,0.804,0.0,0.0014374256134033,0.3896119594573974,2000,1000,ok,
mnist,8,raw_pixels,linear_svm,0.845,0.0,0.0014374256134033,0.7402465343475342,2000,1000,ok,
mnist,8,raw_pixels,knn5,0.917,0.0,0.0014374256134033,1.5599040985107422,2000,1000,ok,
mnist,8,raw_pixels,small_mlp,0.913,0.0,0.0014374256134033,5.200762987136841,2000,1000,ok,
mnist,9,oja,logreg,0.521,0.106515625,2.8906397819519043,0.4313344955444336,2000,1000,ok,
mnist,9,oja,ridge,0.814,0.106515625,2.8906397819519043,0.0049471855163574,2000,1000,ok,
mnist,9,oja,linear_svm,0.563,0.106515625,2.8906397819519043,0.3069462776184082,2000,1000,ok,
mnist,9,oja,knn5,0.59,0.106515625,2.8906397819519043,1.146440029144287,2000,1000,ok,
mnist,9,oja,small_mlp,0.422,0.106515625,2.8906397819519043,0.2104923725128173,2000,1000,ok,
mnist,9,sparse_oja,logreg,0.115,0.8984375,3.5878076553344727,0.7084527015686035,2000,1000,ok,
mnist,9,sparse_oja,ridge,0.42,0.8984375,3.5878076553344727,0.0054116249084472,2000,1000,ok,
mnist,9,sparse_oja,linear_svm,0.115,0.8984375,3.5878076553344727,0.4378950595855713,2000,1000,ok,
mnist,9,sparse_oja,knn5,0.241,0.8984375,3.5878076553344727,1.2202062606811523,2000,1000,ok,
mnist,9,sparse_oja,small_mlp,0.113,0.8984375,3.5878076553344727,0.1512660980224609,2000,1000,ok,
mnist,9,homeostatic_sparse_oja,logreg,0.161,0.8984375,2.7992095947265625,0.679755687713623,2000,1000,ok,
mnist,9,homeostatic_sparse_oja,ridge,0.435,0.8984375,2.7992095947265625,0.0051798820495605,2000,1000,ok,
mnist,9,homeostatic_sparse_oja,linear_svm,0.195,0.8984375,2.7992095947265625,0.4006578922271728,2000,1000,ok,
mnist,9,homeostatic_sparse_oja,knn5,0.255,0.8984375,2.7992095947265625,1.2882068157196045,2000,1000,ok,
mnist,9,homeostatic_sparse_oja,small_mlp,0.153,0.8984375,2.7992095947265625,0.1569108963012695,2000,1000,ok,
mnist,9,raw_pixels,logreg,0.853,0.0,0.0005929470062255,2.559446334838867,2000,1000,ok,
mnist,9,raw_pixels,ridge,0.825,0.0,0.0005929470062255,0.2581470012664795,2000,1000,ok,
mnist,9,raw_pixels,linear_svm,0.847,0.0,0.0005929470062255,0.8602027893066406,2000,1000,ok,
mnist,9,raw_pixels,knn5,0.912,0.0,0.0005929470062255,1.348337173461914,2000,1000,ok,
mnist,9,raw_pixels,small_mlp,0.913,0.0,0.0005929470062255,4.484239816665649,2000,1000,ok,
fashion_mnist,0,oja,logreg,0.326,0.1571484375,3.2221295833587646,0.3890578746795654,2000,1000,ok,
fashion_mnist,0,oja,ridge,0.754,0.1571484375,3.2221295833587646,0.0052881240844726,2000,1000,ok,
fashion_mnist,0,oja,linear_svm,0.382,0.1571484375,3.2221295833587646,0.3802442550659179,2000,1000,ok,
fashion_mnist,0,oja,knn5,0.482,0.1571484375,3.2221295833587646,1.2961347103118896,2000,1000,ok,
fashion_mnist,0,oja,small_mlp,0.134,0.1571484375,3.2221295833587646,0.1086652278900146,2000,1000,ok,
fashion_mnist,0,sparse_oja,logreg,0.272,0.8984375,3.0816805362701416,0.6950182914733887,2000,1000,ok,
fashion_mnist,0,sparse_oja,ridge,0.581,0.8984375,3.0816805362701416,0.0049047470092773,2000,1000,ok,
fashion_mnist,0,sparse_oja,linear_svm,0.27,0.8984375,3.0816805362701416,0.3741416931152344,2000,1000,ok,
fashion_mnist,0,sparse_oja,knn5,0.325,0.8984375,3.0816805362701416,1.2123761177062988,2000,1000,ok,
fashion_mnist,0,sparse_oja,small_mlp,0.098,0.8984375,3.0816805362701416,0.1245989799499511,2000,1000,ok,
fashion_mnist,0,homeostatic_sparse_oja,logreg,0.164,0.8984375,3.397305011749268,0.6238589286804199,2000,1000,ok,
fashion_mnist,0,homeostatic_sparse_oja,ridge,0.576,0.8984375,3.397305011749268,0.0050842761993408,2000,1000,ok,
fashion_mnist,0,homeostatic_sparse_oja,linear_svm,0.147,0.8984375,3.397305011749268,0.3773772716522217,2000,1000,ok,
fashion_mnist,0,homeostatic_sparse_oja,knn5,0.317,0.8984375,3.397305011749268,1.2645232677459717,2000,1000,ok,
fashion_mnist,0,homeostatic_sparse_oja,small_mlp,0.098,0.8984375,3.397305011749268,0.0957274436950683,2000,1000,ok,
fashion_mnist,0,raw_pixels,logreg,0.769,0.0,0.0013649463653564,1.9273943901062007,2000,1000,ok,
fashion_mnist,0,raw_pixels,ridge,0.769,0.0,0.0013649463653564,0.3846971988677978,2000,1000,ok,
fashion_mnist,0,raw_pixels,linear_svm,0.782,0.0,0.0013649463653564,0.8035120964050293,2000,1000,ok,
fashion_mnist,0,raw_pixels,knn5,0.779,0.0,0.0013649463653564,1.6035606861114502,2000,1000,ok,
fashion_mnist,0,raw_pixels,small_mlp,0.809,0.0,0.0013649463653564,8.486783981323242,2000,1000,ok,
fashion_mnist,1,oja,logreg,0.435,0.1486953125,4.181978702545166,0.3247783184051513,2000,1000,ok,
fashion_mnist,1,oja,ridge,0.778,0.1486953125,4.181978702545166,0.0057239532470703,2000,1000,ok,
fashion_mnist,1,oja,linear_svm,0.503,0.1486953125,4.181978702545166,0.3147666454315185,2000,1000,ok,
fashion_mnist,1,oja,knn5,0.564,0.1486953125,4.181978702545166,1.241044998168945,2000,1000,ok,
fashion_mnist,1,oja,small_mlp,0.313,0.1486953125,4.181978702545166,0.1229670047760009,2000,1000,ok,
fashion_mnist,1,sparse_oja,logreg,0.184,0.8984375,3.5968480110168457,0.5581643581390381,2000,1000,ok,
fashion_mnist,1,sparse_oja,ridge,0.62,0.8984375,3.5968480110168457,0.0054943561553955,2000,1000,ok,
fashion_mnist,1,sparse_oja,linear_svm,0.212,0.8984375,3.5968480110168457,0.3352110385894775,2000,1000,ok,
fashion_mnist,1,sparse_oja,knn5,0.42,0.8984375,3.5968480110168457,1.2866618633270264,2000,1000,ok,
fashion_mnist,1,sparse_oja,small_mlp,0.15,0.8984375,3.5968480110168457,0.0482909679412841,2000,1000,ok,
fashion_mnist,1,homeostatic_sparse_oja,logreg,0.201,0.8984375,2.971336126327514,0.5371894836425781,2000,1000,ok,
fashion_mnist,1,homeostatic_sparse_oja,ridge,0.623,0.8984375,2.971336126327514,0.0053789615631103,2000,1000,ok,
fashion_mnist,1,homeostatic_sparse_oja,linear_svm,0.334,0.8984375,2.971336126327514,0.3318934440612793,2000,1000,ok,
fashion_mnist,1,homeostatic_sparse_oja,knn5,0.405,0.8984375,2.971336126327514,1.303290605545044,2000,1000,ok,
fashion_mnist,1,homeostatic_sparse_oja,small_mlp,0.15,0.8984375,2.971336126327514,0.1001434326171875,2000,1000,ok,
fashion_mnist,1,raw_pixels,logreg,0.785,0.0,0.0018622875213623,2.275396585464477,2000,1000,ok,
fashion_mnist,1,raw_pixels,ridge,0.767,0.0,0.0018622875213623,0.2956461906433105,2000,1000,ok,
fashion_mnist,1,raw_pixels,linear_svm,0.796,0.0,0.0018622875213623,0.9254052639007568,2000,1000,ok,
fashion_mnist,1,raw_pixels,knn5,0.776,0.0,0.0018622875213623,1.5715067386627195,2000,1000,ok,
fashion_mnist,1,raw_pixels,small_mlp,0.797,0.0,0.0018622875213623,4.894429445266724,2000,1000,ok,
fashion_mnist,2,oja,logreg,0.386,0.0959453125,2.787158250808716,0.2978162765502929,2000,1000,ok,
fashion_mnist,2,oja,ridge,0.775,0.0959453125,2.787158250808716,0.005800724029541,2000,1000,ok,
fashion_mnist,2,oja,linear_svm,0.421,0.0959453125,2.787158250808716,0.2795720100402832,2000,1000,ok,
fashion_mnist,2,oja,knn5,0.531,0.0959453125,2.787158250808716,1.2872717380523682,2000,1000,ok,
fashion_mnist,2,oja,small_mlp,0.296,0.0959453125,2.787158250808716,0.2172431945800781,2000,1000,ok,
fashion_mnist,2,sparse_oja,logreg,0.141,0.8984375,4.3982017040252686,0.5048420429229736,2000,1000,ok,
fashion_mnist,2,sparse_oja,ridge,0.639,0.8984375,4.3982017040252686,0.0052800178527832,2000,1000,ok,
fashion_mnist,2,sparse_oja,linear_svm,0.266,0.8984375,4.3982017040252686,0.3816699981689453,2000,1000,ok,
fashion_mnist,2,sparse_oja,knn5,0.413,0.8984375,4.3982017040252686,1.2779607772827148,2000,1000,ok,
fashion_mnist,2,sparse_oja,small_mlp,0.094,0.8984375,4.3982017040252686,0.1149156093597412,2000,1000,ok,
fashion_mnist,2,homeostatic_sparse_oja,logreg,0.143,0.8984375,3.1912059783935547,0.5945045948028564,2000,1000,ok,
fashion_mnist,2,homeostatic_sparse_oja,ridge,0.631,0.8984375,3.1912059783935547,0.0052378177642822,2000,1000,ok,
fashion_mnist,2,homeostatic_sparse_oja,linear_svm,0.226,0.8984375,3.1912059783935547,0.3918402194976806,2000,1000,ok,
fashion_mnist,2,homeostatic_sparse_oja,knn5,0.4,0.8984375,3.1912059783935547,1.3919601440429688,2000,1000,ok,
fashion_mnist,2,homeostatic_sparse_oja,small_mlp,0.099,0.8984375,3.1912059783935547,0.0444867610931396,2000,1000,ok,
fashion_mnist,2,raw_pixels,logreg,0.75,0.0,0.0018620491027832,2.156599521636963,2000,1000,ok,
fashion_mnist,2,raw_pixels,ridge,0.788,0.0,0.0018620491027832,0.2586808204650879,2000,1000,ok,
fashion_mnist,2,raw_pixels,linear_svm,0.785,0.0,0.0018620491027832,0.9502902030944824,2000,1000,ok,
fashion_mnist,2,raw_pixels,knn5,0.788,0.0,0.0018620491027832,1.4394221305847168,2000,1000,ok,
fashion_mnist,2,raw_pixels,small_mlp,0.802,0.0,0.0018620491027832,4.198145627975464,2000,1000,ok,
fashion_mnist,3,oja,logreg,0.345,0.1445390625,2.389613628387451,0.3392069339752197,2000,1000,ok,
fashion_mnist,3,oja,ridge,0.761,0.1445390625,2.389613628387451,0.0048344135284423,2000,1000,ok,
fashion_mnist,3,oja,linear_svm,0.263,0.1445390625,2.389613628387451,0.2623143196105957,2000,1000,ok,
fashion_mnist,3,oja,knn5,0.515,0.1445390625,2.389613628387451,1.171616792678833,2000,1000,ok,
fashion_mnist,3,oja,small_mlp,0.396,0.1445390625,2.389613628387451,0.3301968574523926,2000,1000,ok,
fashion_mnist,3,sparse_oja,logreg,0.228,0.8984375,2.6043858528137207,0.5442767143249512,2000,1000,ok,
fashion_mnist,3,sparse_oja,ridge,0.582,0.8984375,2.6043858528137207,0.0056872367858886,2000,1000,ok,
fashion_mnist,3,sparse_oja,linear_svm,0.121,0.8984375,2.6043858528137207,0.2961182594299316,2000,1000,ok,
fashion_mnist,3,sparse_oja,knn5,0.34,0.8984375,2.6043858528137207,1.225841045379639,2000,1000,ok,
fashion_mnist,3,sparse_oja,small_mlp,0.229,0.8984375,2.6043858528137207,0.4101855754852295,2000,1000,ok,
fashion_mnist,3,homeostatic_sparse_oja,logreg,0.217,0.8984375,3.651145219802856,0.5671029090881348,2000,1000,ok,
fashion_mnist,3,homeostatic_sparse_oja,ridge,0.581,0.8984375,3.651145219802856,0.0046300888061523,2000,1000,ok,
fashion_mnist,3,homeostatic_sparse_oja,linear_svm,0.106,0.8984375,3.651145219802856,0.3488507270812988,2000,1000,ok,
fashion_mnist,3,homeostatic_sparse_oja,knn5,0.334,0.8984375,3.651145219802856,1.3563237190246582,2000,1000,ok,
fashion_mnist,3,homeostatic_sparse_oja,small_mlp,0.224,0.8984375,3.651145219802856,0.3389294147491455,2000,1000,ok,
fashion_mnist,3,raw_pixels,logreg,0.742,0.0,0.0014708042144775,2.715911865234375,2000,1000,ok,
fashion_mnist,3,raw_pixels,ridge,0.749,0.0,0.0014708042144775,0.2958133220672607,2000,1000,ok,
fashion_mnist,3,raw_pixels,linear_svm,0.754,0.0,0.0014708042144775,0.955242156982422,2000,1000,ok,
fashion_mnist,3,raw_pixels,knn5,0.768,0.0,0.0014708042144775,1.4459681510925293,2000,1000,ok,
fashion_mnist,3,raw_pixels,small_mlp,0.805,0.0,0.0014708042144775,4.192994594573975,2000,1000,ok,
fashion_mnist,4,oja,logreg,0.284,0.1135546875,3.4910728931427,0.3163414001464844,2000,1000,ok,
fashion_mnist,4,oja,ridge,0.782,0.1135546875,3.4910728931427,0.0046586990356445,2000,1000,ok,
fashion_mnist,4,oja,linear_svm,0.423,0.1135546875,3.4910728931427,0.3321714401245117,2000,1000,ok,
fashion_mnist,4,oja,knn5,0.512,0.1135546875,3.4910728931427,1.216761589050293,2000,1000,ok,
fashion_mnist,4,oja,small_mlp,0.243,0.1135546875,3.4910728931427,0.1517567634582519,2000,1000,ok,
fashion_mnist,4,sparse_oja,logreg,0.264,0.8984375,2.5940425395965576,0.5091044902801514,2000,1000,ok,
fashion_mnist,4,sparse_oja,ridge,0.602,0.8984375,2.5940425395965576,0.0053365230560302,2000,1000,ok,
fashion_mnist,4,sparse_oja,linear_svm,0.111,0.8984375,2.5940425395965576,0.3414576053619385,2000,1000,ok,
fashion_mnist,4,sparse_oja,knn5,0.318,0.8984375,2.5940425395965576,1.1255393028259275,2000,1000,ok,
fashion_mnist,4,sparse_oja,small_mlp,0.086,0.8984375,2.5940425395965576,0.0317866802215576,2000,1000,ok,
fashion_mnist,4,homeostatic_sparse_oja,logreg,0.181,0.8984375,2.923205614089966,0.5357358455657959,2000,1000,ok,
fashion_mnist,4,homeostatic_sparse_oja,ridge,0.601,0.8984375,2.923205614089966,0.0048034191131591,2000,1000,ok,
fashion_mnist,4,homeostatic_sparse_oja,linear_svm,0.125,0.8984375,2.923205614089966,0.3135619163513183,2000,1000,ok,
fashion_mnist,4,homeostatic_sparse_oja,knn5,0.315,0.8984375,2.923205614089966,1.3107898235321045,2000,1000,ok,
fashion_mnist,4,homeostatic_sparse_oja,small_mlp,0.109,0.8984375,2.923205614089966,0.041116714477539,2000,1000,ok,
fashion_mnist,4,raw_pixels,logreg,0.787,0.0,0.0016701221466064,2.3461668491363525,2000,1000,ok,
fashion_mnist,4,raw_pixels,ridge,0.773,0.0,0.0016701221466064,0.2730176448822021,2000,1000,ok,
fashion_mnist,4,raw_pixels,linear_svm,0.796,0.0,0.0016701221466064,0.8326926231384277,2000,1000,ok,
fashion_mnist,4,raw_pixels,knn5,0.777,0.0,0.0016701221466064,1.373915195465088,2000,1000,ok,
fashion_mnist,4,raw_pixels,small_mlp,0.83,0.0,0.0016701221466064,4.287198781967163,2000,1000,ok,
fashion_mnist,5,oja,logreg,0.201,0.11165625,2.288917064666748,0.4824728965759277,2000,1000,ok,
fashion_mnist,5,oja,ridge,0.77,0.11165625,2.288917064666748,0.0043232440948486,2000,1000,ok,
fashion_mnist,5,oja,linear_svm,0.253,0.11165625,2.288917064666748,0.3460996150970459,2000,1000,ok,
fashion_mnist,5,oja,knn5,0.489,0.11165625,2.288917064666748,1.1394472122192385,2000,1000,ok,
fashion_mnist,5,oja,small_mlp,0.13,0.11165625,2.288917064666748,0.0984482765197753,2000,1000,ok,
fashion_mnist,5,sparse_oja,logreg,0.207,0.8984375,3.4040024280548096,0.5170626640319824,2000,1000,ok,
fashion_mnist,5,sparse_oja,ridge,0.645,0.8984375,3.4040024280548096,0.0054583549499511,2000,1000,ok,
fashion_mnist,5,sparse_oja,linear_svm,0.201,0.8984375,3.4040024280548096,0.3317303657531738,2000,1000,ok,
fashion_mnist,5,sparse_oja,knn5,0.439,0.8984375,3.4040024280548096,1.214353322982788,2000,1000,ok,
fashion_mnist,5,sparse_oja,small_mlp,0.106,0.8984375,3.4040024280548096,0.0335190296173095,2000,1000,ok,
fashion_mnist,5,homeostatic_sparse_oja,logreg,0.132,0.8984375,3.390873908996582,0.6699624061584473,2000,1000,ok,
fashion_mnist,5,homeostatic_sparse_oja,ridge,0.642,0.8984375,3.390873908996582,0.0066304206848144,2000,1000,ok,
fashion_mnist,5,homeostatic_sparse_oja,linear_svm,0.302,0.8984375,3.390873908996582,0.3301782608032226,2000,1000,ok,
fashion_mnist,5,homeostatic_sparse_oja,knn5,0.422,0.8984375,3.390873908996582,1.1899778842926023,2000,1000,ok,
fashion_mnist,5,homeostatic_sparse_oja,small_mlp,0.113,0.8984375,3.390873908996582,0.1028563976287841,2000,1000,ok,
fashion_mnist,5,raw_pixels,logreg,0.78,0.0,0.001493215560913,2.263639211654663,2000,1000,ok,
fashion_mnist,5,raw_pixels,ridge,0.748,0.0,0.001493215560913,0.2573714256286621,2000,1000,ok,
fashion_mnist,5,raw_pixels,linear_svm,0.781,0.0,0.001493215560913,0.8461661338806152,2000,1000,ok,
fashion_mnist,5,raw_pixels,knn5,0.784,0.0,0.001493215560913,1.1603636741638184,2000,1000,ok,
fashion_mnist,5,raw_pixels,small_mlp,0.781,0.0,0.001493215560913,2.895320177078247,2000,1000,ok,
fashion_mnist,6,oja,logreg,0.428,0.1710625,2.290837526321411,0.4301505088806152,2000,1000,ok,
fashion_mnist,6,oja,ridge,0.732,0.1710625,2.290837526321411,0.0049540996551513,2000,1000,ok,
fashion_mnist,6,oja,linear_svm,0.269,0.1710625,2.290837526321411,0.2950294017791748,2000,1000,ok,
fashion_mnist,6,oja,knn5,0.478,0.1710625,2.290837526321411,0.9553160667419434,2000,1000,ok,
fashion_mnist,6,oja,small_mlp,0.42,0.1710625,2.290837526321411,0.3064064979553222,2000,1000,ok,
fashion_mnist,6,sparse_oja,logreg,0.206,0.8984375,2.98172664642334,0.5622055530548096,2000,1000,ok,
fashion_mnist,6,sparse_oja,ridge,0.567,0.8984375,2.98172664642334,0.0048339366912841,2000,1000,ok,
fashion_mnist,6,sparse_oja,linear_svm,0.184,0.8984375,2.98172664642334,0.3075973987579345,2000,1000,ok,
fashion_mnist,6,sparse_oja,knn5,0.345,0.8984375,2.98172664642334,1.0997982025146484,2000,1000,ok,
fashion_mnist,6,sparse_oja,small_mlp,0.083,0.8984375,2.98172664642334,0.1362059116363525,2000,1000,ok,
fashion_mnist,6,homeostatic_sparse_oja,logreg,0.176,0.8984375,2.294605493545532,0.5641441345214844,2000,1000,ok,
fashion_mnist,6,homeostatic_sparse_oja,ridge,0.563,0.8984375,2.294605493545532,0.0046632289886474,2000,1000,ok,
fashion_mnist,6,homeostatic_sparse_oja,linear_svm,0.209,0.8984375,2.294605493545532,0.3223638534545898,2000,1000,ok,
fashion_mnist,6,homeostatic_sparse_oja,knn5,0.33,0.8984375,2.294605493545532,1.0932776927947998,2000,1000,ok,
fashion_mnist,6,homeostatic_sparse_oja,small_mlp,0.086,0.8984375,2.294605493545532,0.044957160949707,2000,1000,ok,
fashion_mnist,6,raw_pixels,logreg,0.754,0.0,0.0009331703186035,2.3195037841796875,2000,1000,ok,
fashion_mnist,6,raw_pixels,ridge,0.738,0.0,0.0009331703186035,0.300032377243042,2000,1000,ok,
fashion_mnist,6,raw_pixels,linear_svm,0.758,0.0,0.0009331703186035,0.8004350662231445,2000,1000,ok,
fashion_mnist,6,raw_pixels,knn5,0.767,0.0,0.0009331703186035,1.49859356880188,2000,1000,ok,
fashion_mnist,6,raw_pixels,small_mlp,0.799,0.0,0.0009331703186035,7.302878141403198,2000,1000,ok,
fashion_mnist,7,oja,logreg,0.297,0.143984375,3.080848932266236,0.3234598636627197,2000,1000,ok,
fashion_mnist,7,oja,ridge,0.768,0.143984375,3.080848932266236,0.0055279731750488,2000,1000,ok,
fashion_mnist,7,oja,linear_svm,0.439,0.143984375,3.080848932266236,0.3434107303619385,2000,1000,ok,
fashion_mnist,7,oja,knn5,0.526,0.143984375,3.080848932266236,1.2115821838378906,2000,1000,ok,
fashion_mnist,7,oja,small_mlp,0.299,0.143984375,3.080848932266236,0.1484491825103759,2000,1000,ok,
fashion_mnist,7,sparse_oja,logreg,0.217,0.8984375,2.4925670623779297,0.6412522792816162,2000,1000,ok,
fashion_mnist,7,sparse_oja,ridge,0.578,0.8984375,2.4925670623779297,0.0047647953033447,2000,1000,ok,
fashion_mnist,7,sparse_oja,linear_svm,0.227,0.8984375,2.4925670623779297,0.3490228652954101,2000,1000,ok,
fashion_mnist,7,sparse_oja,knn5,0.37,0.8984375,2.4925670623779297,1.1886117458343506,2000,1000,ok,
fashion_mnist,7,sparse_oja,small_mlp,0.102,0.8984375,2.4925670623779297,0.0985350608825683,2000,1000,ok,
fashion_mnist,7,homeostatic_sparse_oja,logreg,0.354,0.8984375,2.7900726795196533,0.6738345623016357,2000,1000,ok,
fashion_mnist,7,homeostatic_sparse_oja,ridge,0.569,0.8984375,2.7900726795196533,0.00504732131958,2000,1000,ok,
fashion_mnist,7,homeostatic_sparse_oja,linear_svm,0.199,0.8984375,2.7900726795196533,0.3090903759002685,2000,1000,ok,
fashion_mnist,7,homeostatic_sparse_oja,knn5,0.359,0.8984375,2.7900726795196533,1.1050105094909668,2000,1000,ok,
fashion_mnist,7,homeostatic_sparse_oja,small_mlp,0.105,0.8984375,2.7900726795196533,0.1328520774841308,2000,1000,ok,
fashion_mnist,7,raw_pixels,logreg,0.761,0.0,0.0006260871887207,2.410321950912476,2000,1000,ok,
fashion_mnist,7,raw_pixels,ridge,0.764,0.0,0.0006260871887207,0.2952210903167724,2000,1000,ok,
fashion_mnist,7,raw_pixels,linear_svm,0.778,0.0,0.0006260871887207,1.0599191188812256,2000,1000,ok,
fashion_mnist,7,raw_pixels,knn5,0.787,0.0,0.0006260871887207,1.336878776550293,2000,1000,ok,
fashion_mnist,7,raw_pixels,small_mlp,0.816,0.0,0.0006260871887207,3.7985243797302246,2000,1000,ok,
fashion_mnist,8,oja,logreg,0.464,0.113015625,2.5862629413604736,0.3012783527374267,2000,1000,ok,
fashion_mnist,8,oja,ridge,0.779,0.113015625,2.5862629413604736,0.0046513080596923,2000,1000,ok,
fashion_mnist,8,oja,linear_svm,0.419,0.113015625,2.5862629413604736,0.3197431564331054,2000,1000,ok,
fashion_mnist,8,oja,knn5,0.551,0.113015625,2.5862629413604736,1.0607271194458008,2000,1000,ok,
fashion_mnist,8,oja,small_mlp,0.162,0.113015625,2.5862629413604736,0.1483018398284912,2000,1000,ok,
fashion_mnist,8,sparse_oja,logreg,0.339,0.8984375,2.2911489009857178,0.5074965953826904,2000,1000,ok,
fashion_mnist,8,sparse_oja,ridge,0.55,0.8984375,2.2911489009857178,0.0049495697021484,2000,1000,ok,
fashion_mnist,8,sparse_oja,linear_svm,0.161,0.8984375,2.2911489009857178,0.3426878452301025,2000,1000,ok,
fashion_mnist,8,sparse_oja,knn5,0.394,0.8984375,2.2911489009857178,1.121769905090332,2000,1000,ok,
fashion_mnist,8,sparse_oja,small_mlp,0.11,0.8984375,2.2911489009857178,0.1061513423919677,2000,1000,ok,
fashion_mnist,8,homeostatic_sparse_oja,logreg,0.232,0.8984375,2.784450054168701,0.5938258171081543,2000,1000,ok,
fashion_mnist,8,homeostatic_sparse_oja,ridge,0.548,0.8984375,2.784450054168701,0.0051133632659912,2000,1000,ok,
fashion_mnist,8,homeostatic_sparse_oja,linear_svm,0.139,0.8984375,2.784450054168701,0.3714218139648437,2000,1000,ok,
fashion_mnist,8,homeostatic_sparse_oja,knn5,0.388,0.8984375,2.784450054168701,1.214219093322754,2000,1000,ok,
fashion_mnist,8,homeostatic_sparse_oja,small_mlp,0.109,0.8984375,2.784450054168701,0.1077413558959961,2000,1000,ok,
fashion_mnist,8,raw_pixels,logreg,0.779,0.0,0.0007948875427246,2.2924139499664307,2000,1000,ok,
fashion_mnist,8,raw_pixels,ridge,0.77,0.0,0.0007948875427246,0.3700385093688965,2000,1000,ok,
fashion_mnist,8,raw_pixels,linear_svm,0.779,0.0,0.0007948875427246,0.8961997032165527,2000,1000,ok,
fashion_mnist,8,raw_pixels,knn5,0.797,0.0,0.0007948875427246,1.5964725017547607,2000,1000,ok,
fashion_mnist,8,raw_pixels,small_mlp,0.789,0.0,0.0007948875427246,2.997430324554444,2000,1000,ok,
fashion_mnist,9,oja,logreg,0.286,0.100015625,2.3869447708129883,0.3103618621826172,2000,1000,ok,
fashion_mnist,9,oja,ridge,0.77,0.100015625,2.3869447708129883,0.0047993659973144,2000,1000,ok,
fashion_mnist,9,oja,linear_svm,0.393,0.100015625,2.3869447708129883,0.3194942474365234,2000,1000,ok,
fashion_mnist,9,oja,knn5,0.467,0.100015625,2.3869447708129883,1.1453025341033936,2000,1000,ok,
fashion_mnist,9,oja,small_mlp,0.198,0.100015625,2.3869447708129883,0.1109676361083984,2000,1000,ok,
fashion_mnist,9,sparse_oja,logreg,0.309,0.8984375,1.979250192642212,0.5246415138244629,2000,1000,ok,
fashion_mnist,9,sparse_oja,ridge,0.647,0.8984375,1.979250192642212,0.0045771598815917,2000,1000,ok,
fashion_mnist,9,sparse_oja,linear_svm,0.281,0.8984375,1.979250192642212,0.3389482498168945,2000,1000,ok,
fashion_mnist,9,sparse_oja,knn5,0.443,0.8984375,1.979250192642212,1.0291435718536377,2000,1000,ok,
fashion_mnist,9,sparse_oja,small_mlp,0.32,0.8984375,1.979250192642212,0.1473240852355957,2000,1000,ok,
fashion_mnist,9,homeostatic_sparse_oja,logreg,0.369,0.8984375,2.700974702835083,0.5028467178344727,2000,1000,ok,
fashion_mnist,9,homeostatic_sparse_oja,ridge,0.642,0.8984375,2.700974702835083,0.0047328472137451,2000,1000,ok,
fashion_mnist,9,homeostatic_sparse_oja,linear_svm,0.37,0.8984375,2.700974702835083,0.3184797763824463,2000,1000,ok,
fashion_mnist,9,homeostatic_sparse_oja,knn5,0.491,0.8984375,2.700974702835083,1.1530191898345947,2000,1000,ok,
fashion_mnist,9,homeostatic_sparse_oja,small_mlp,0.255,0.8984375,2.700974702835083,0.1025967597961425,2000,1000,ok,
fashion_mnist,9,raw_pixels,logreg,0.791,0.0,0.0006389617919921,2.162238121032715,2000,1000,ok,
fashion_mnist,9,raw_pixels,ridge,0.783,0.0,0.0006389617919921,0.4011015892028808,2000,1000,ok,
fashion_mnist,9,raw_pixels,linear_svm,0.759,0.0,0.0006389617919921,0.916041612625122,2000,1000,ok,
fashion_mnist,9,raw_pixels,knn5,0.804,0.0,0.0006389617919921,1.4696617126464844,2000,1000,ok,
fashion_mnist,9,raw_pixels,small_mlp,0.8,0.0,0.0006389617919921,3.398267269134521,2000,1000,ok,
mnist,0,mlp_hidden,logreg,0.88,0.1498515625,1.3297910690307615,0.3581686019897461,2000,1000,ok,
mnist,0,mlp_hidden,ridge,0.868,0.1498515625,1.3297910690307615,0.0054726600646972,2000,1000,ok,
mnist,0,mlp_hidden,linear_svm,0.875,0.1498515625,1.3297910690307615,0.1959414482116699,2000,1000,ok,
mnist,0,mlp_hidden,knn5,0.894,0.1498515625,1.3297910690307615,1.3152096271514893,2000,1000,ok,
mnist,0,mlp_hidden,small_mlp,0.809,0.1498515625,1.3297910690307615,0.1079554557800293,2000,1000,ok,
mnist,0,standard_cnn_penultimate,logreg,0.84,0.3537421875,1.6595542430877686,0.4328734874725342,2000,1000,ok,
mnist,0,standard_cnn_penultimate,ridge,0.907,0.3537421875,1.6595542430877686,0.005129337310791,2000,1000,ok,
mnist,0,standard_cnn_penultimate,linear_svm,0.851,0.3537421875,1.6595542430877686,0.2260134220123291,2000,1000,ok,
mnist,0,standard_cnn_penultimate,knn5,0.859,0.3537421875,1.6595542430877686,1.106539964675903,2000,1000,ok,
mnist,0,standard_cnn_penultimate,small_mlp,0.85,0.3537421875,1.6595542430877686,0.3428769111633301,2000,1000,ok,
mnist,1,mlp_hidden,logreg,0.872,0.12328125,0.112861156463623,0.3703112602233886,2000,1000,ok,
mnist,1,mlp_hidden,ridge,0.863,0.12328125,0.112861156463623,0.0050029754638671,2000,1000,ok,
mnist,1,mlp_hidden,linear_svm,0.864,0.12328125,0.112861156463623,0.2406163215637207,2000,1000,ok,
mnist,1,mlp_hidden,knn5,0.883,0.12328125,0.112861156463623,1.1633343696594238,2000,1000,ok,
mnist,1,mlp_hidden,small_mlp,0.858,0.12328125,0.112861156463623,0.2278943061828613,2000,1000,ok,
mnist,1,standard_cnn_penultimate,logreg,0.852,0.3133125,1.3826525211334229,0.3540141582489013,2000,1000,ok,
mnist,1,standard_cnn_penultimate,ridge,0.912,0.3133125,1.3826525211334229,0.0045239925384521,2000,1000,ok,
mnist,1,standard_cnn_penultimate,linear_svm,0.877,0.3133125,1.3826525211334229,0.2125556468963623,2000,1000,ok,
mnist,1,standard_cnn_penultimate,knn5,0.861,0.3133125,1.3826525211334229,1.2178716659545898,2000,1000,ok,
mnist,1,standard_cnn_penultimate,small_mlp,0.76,0.3133125,1.3826525211334229,0.1193988323211669,2000,1000,ok,
mnist,2,mlp_hidden,logreg,0.867,0.129265625,0.2181768417358398,0.3628847599029541,2000,1000,ok,
mnist,2,mlp_hidden,ridge,0.861,0.129265625,0.2181768417358398,0.0049734115600585,2000,1000,ok,
mnist,2,mlp_hidden,linear_svm,0.858,0.129265625,0.2181768417358398,0.2145347595214843,2000,1000,ok,
mnist,2,mlp_hidden,knn5,0.893,0.129265625,0.2181768417358398,1.2013676166534424,2000,1000,ok,
mnist,2,mlp_hidden,small_mlp,0.843,0.129265625,0.2181768417358398,0.2022144794464111,2000,1000,ok,
mnist,2,standard_cnn_penultimate,logreg,0.884,0.3296484375,1.1698331832885742,0.3113477230072021,2000,1000,ok,
mnist,2,standard_cnn_penultimate,ridge,0.916,0.3296484375,1.1698331832885742,0.0044233798980712,2000,1000,ok,
mnist,2,standard_cnn_penultimate,linear_svm,0.845,0.3296484375,1.1698331832885742,0.2264666557312011,2000,1000,ok,
mnist,2,standard_cnn_penultimate,knn5,0.873,0.3296484375,1.1698331832885742,1.2328248023986816,2000,1000,ok,
mnist,2,standard_cnn_penultimate,small_mlp,0.774,0.3296484375,1.1698331832885742,0.1368789672851562,2000,1000,ok,
mnist,3,mlp_hidden,logreg,0.884,0.154671875,0.1374468803405761,0.3510584831237793,2000,1000,ok,
mnist,3,mlp_hidden,ridge,0.879,0.154671875,0.1374468803405761,0.0048987865447998,2000,1000,ok,
mnist,3,mlp_hidden,linear_svm,0.862,0.154671875,0.1374468803405761,0.2107698917388916,2000,1000,ok,
mnist,3,mlp_hidden,knn5,0.891,0.154671875,0.1374468803405761,1.131026268005371,2000,1000,ok,
mnist,3,mlp_hidden,small_mlp,0.879,0.154671875,0.1374468803405761,0.312934398651123,2000,1000,ok,
mnist,3,standard_cnn_penultimate,logreg,0.859,0.41378125,1.3140201568603516,0.3765826225280761,2000,1000,ok,
mnist,3,standard_cnn_penultimate,ridge,0.92,0.41378125,1.3140201568603516,0.0043303966522216,2000,1000,ok,
mnist,3,standard_cnn_penultimate,linear_svm,0.874,0.41378125,1.3140201568603516,0.1925244331359863,2000,1000,ok,
mnist,3,standard_cnn_penultimate,knn5,0.883,0.41378125,1.3140201568603516,1.1143155097961426,2000,1000,ok,
mnist,3,standard_cnn_penultimate,small_mlp,0.824,0.41378125,1.3140201568603516,0.2099525928497314,2000,1000,ok,
mnist,4,mlp_hidden,logreg,0.883,0.1721015625,1.0829761028289795,0.3174688816070556,2000,1000,ok,
mnist,4,mlp_hidden,ridge,0.862,0.1721015625,1.0829761028289795,0.0094025135040283,2000,1000,ok,
mnist,4,mlp_hidden,linear_svm,0.864,0.1721015625,1.0829761028289795,0.1801643371582031,2000,1000,ok,
mnist,4,mlp_hidden,knn5,0.885,0.1721015625,1.0829761028289795,1.332463026046753,2000,1000,ok,
mnist,4,mlp_hidden,small_mlp,0.859,0.1721015625,1.0829761028289795,0.2239522933959961,2000,1000,ok,
mnist,4,standard_cnn_penultimate,logreg,0.869,0.3692421875,1.4698152542114258,0.3954851627349853,2000,1000,ok,
mnist,4,standard_cnn_penultimate,ridge,0.893,0.3692421875,1.4698152542114258,0.005333662033081,2000,1000,ok,
mnist,4,standard_cnn_penultimate,linear_svm,0.86,0.3692421875,1.4698152542114258,0.2547590732574463,2000,1000,ok,
mnist,4,standard_cnn_penultimate,knn5,0.846,0.3692421875,1.4698152542114258,1.1190102100372314,2000,1000,ok,
mnist,4,standard_cnn_penultimate,small_mlp,0.821,0.3692421875,1.4698152542114258,0.2356855869293213,2000,1000,ok,
fashion_mnist,0,mlp_hidden,logreg,0.776,0.33046875,0.0982186794281005,0.4081754684448242,2000,1000,ok,
fashion_mnist,0,mlp_hidden,ridge,0.787,0.33046875,0.0982186794281005,0.0051589012145996,2000,1000,ok,
fashion_mnist,0,mlp_hidden,linear_svm,0.779,0.33046875,0.0982186794281005,0.2374014854431152,2000,1000,ok,
fashion_mnist,0,mlp_hidden,knn5,0.749,0.33046875,0.0982186794281005,1.2206006050109863,2000,1000,ok,
fashion_mnist,0,mlp_hidden,small_mlp,0.716,0.33046875,0.0982186794281005,0.1390833854675293,2000,1000,ok,
fashion_mnist,0,standard_cnn_penultimate,logreg,0.729,0.3856015625,1.6746537685394287,0.4284400939941406,2000,1000,ok,
fashion_mnist,0,standard_cnn_penultimate,ridge,0.768,0.3856015625,1.6746537685394287,0.0052919387817382,2000,1000,ok,
fashion_mnist,0,standard_cnn_penultimate,linear_svm,0.662,0.3856015625,1.6746537685394287,0.2402205467224121,2000,1000,ok,
fashion_mnist,0,standard_cnn_penultimate,knn5,0.682,0.3856015625,1.6746537685394287,1.2947523593902588,2000,1000,ok,
fashion_mnist,0,standard_cnn_penultimate,small_mlp,0.679,0.3856015625,1.6746537685394287,0.3000223636627197,2000,1000,ok,
fashion_mnist,1,mlp_hidden,logreg,0.734,0.266625,0.1132426261901855,0.4132833480834961,2000,1000,ok,
fashion_mnist,1,mlp_hidden,ridge,0.799,0.266625,0.1132426261901855,0.0051758289337158,2000,1000,ok,
fashion_mnist,1,mlp_hidden,linear_svm,0.785,0.266625,0.1132426261901855,0.2293834686279297,2000,1000,ok,
fashion_mnist,1,mlp_hidden,knn5,0.757,0.266625,0.1132426261901855,1.12857985496521,2000,1000,ok,
fashion_mnist,1,mlp_hidden,small_mlp,0.74,0.266625,0.1132426261901855,0.1437151432037353,2000,1000,ok,
fashion_mnist,1,standard_cnn_penultimate,logreg,0.684,0.3420546875,1.7928593158721924,0.4739778041839599,2000,1000,ok,
fashion_mnist,1,standard_cnn_penultimate,ridge,0.81,0.3420546875,1.7928593158721924,0.0096478462219238,2000,1000,ok,
fashion_mnist,1,standard_cnn_penultimate,linear_svm,0.729,0.3420546875,1.7928593158721924,0.2474794387817382,2000,1000,ok,
fashion_mnist,1,standard_cnn_penultimate,knn5,0.707,0.3420546875,1.7928593158721924,1.2518067359924316,2000,1000,ok,
fashion_mnist,1,standard_cnn_penultimate,small_mlp,0.657,0.3420546875,1.7928593158721924,0.1357967853546142,2000,1000,ok,
fashion_mnist,2,mlp_hidden,logreg,0.751,0.2163203125,0.1250257492065429,0.4931528568267822,2000,1000,ok,
fashion_mnist,2,mlp_hidden,ridge,0.797,0.2163203125,0.1250257492065429,0.005995750427246,2000,1000,ok,
fashion_mnist,2,mlp_hidden,linear_svm,0.719,0.2163203125,0.1250257492065429,0.2929708957672119,2000,1000,ok,
fashion_mnist,2,mlp_hidden,knn5,0.74,0.2163203125,0.1250257492065429,1.2821781635284424,2000,1000,ok,
fashion_mnist,2,mlp_hidden,small_mlp,0.743,0.2163203125,0.1250257492065429,0.2268896102905273,2000,1000,ok,
fashion_mnist,2,standard_cnn_penultimate,logreg,0.652,0.3488671875,1.8502109050750728,0.3695254325866699,2000,1000,ok,
fashion_mnist,2,standard_cnn_penultimate,ridge,0.777,0.3488671875,1.8502109050750728,0.0048842430114746,2000,1000,ok,
fashion_mnist,2,standard_cnn_penultimate,linear_svm,0.697,0.3488671875,1.8502109050750728,0.2058892250061035,2000,1000,ok,
fashion_mnist,2,standard_cnn_penultimate,knn5,0.72,0.3488671875,1.8502109050750728,1.2078349590301514,2000,1000,ok,
fashion_mnist,2,standard_cnn_penultimate,small_mlp,0.709,0.3488671875,1.8502109050750728,0.2047774791717529,2000,1000,ok,
fashion_mnist,3,mlp_hidden,logreg,0.777,0.283890625,1.106783151626587,0.3590316772460937,2000,1000,ok,
fashion_mnist,3,mlp_hidden,ridge,0.777,0.283890625,1.106783151626587,0.0063409805297851,2000,1000,ok,
fashion_mnist,3,mlp_hidden,linear_svm,0.774,0.283890625,1.106783151626587,0.2784245014190674,2000,1000,ok,
fashion_mnist,3,mlp_hidden,knn5,0.738,0.283890625,1.106783151626587,1.1938469409942627,2000,1000,ok,
fashion_mnist,3,mlp_hidden,small_mlp,0.739,0.283890625,1.106783151626587,0.2437641620635986,2000,1000,ok,
fashion_mnist,3,standard_cnn_penultimate,logreg,0.757,0.402953125,1.9376599788665767,0.4226973056793213,2000,1000,ok,
fashion_mnist,3,standard_cnn_penultimate,ridge,0.774,0.402953125,1.9376599788665767,0.0049600601196289,2000,1000,ok,
fashion_mnist,3,standard_cnn_penultimate,linear_svm,0.72,0.402953125,1.9376599788665767,0.2657902240753174,2000,1000,ok,
fashion_mnist,3,standard_cnn_penultimate,knn5,0.711,0.402953125,1.9376599788665767,1.182983636856079,2000,1000,ok,
fashion_mnist,3,standard_cnn_penultimate,small_mlp,0.719,0.402953125,1.9376599788665767,0.305140733718872,2000,1000,ok,
fashion_mnist,4,mlp_hidden,logreg,0.8,0.2511171875,0.2212543487548828,0.3602004051208496,2000,1000,ok,
fashion_mnist,4,mlp_hidden,ridge,0.806,0.2511171875,0.2212543487548828,0.0050675868988037,2000,1000,ok,
fashion_mnist,4,mlp_hidden,linear_svm,0.766,0.2511171875,0.2212543487548828,0.2230811119079589,2000,1000,ok,
fashion_mnist,4,mlp_hidden,knn5,0.769,0.2511171875,0.2212543487548828,1.100675344467163,2000,1000,ok,
fashion_mnist,4,mlp_hidden,small_mlp,0.788,0.2511171875,0.2212543487548828,0.4110159873962402,2000,1000,ok,
fashion_mnist,4,standard_cnn_penultimate,logreg,0.651,0.3231640625,1.4191129207611084,0.528470516204834,2000,1000,ok,
fashion_mnist,4,standard_cnn_penultimate,ridge,0.814,0.3231640625,1.4191129207611084,0.00462651252746582,2000,1000,ok,
fashion_mnist,4,standard_cnn_penultimate,linear_svm,0.66,0.3231640625,1.4191129207611084,0.24480390548706055,2000,1000,ok,
fashion_mnist,4,standard_cnn_penultimate,knn5,0.702,0.3231640625,1.4191129207611084,1.2113754749298096,2000,1000,ok,
fashion_mnist,4,standard_cnn_penultimate,small_mlp,0.682,0.3231640625,1.4191129207611084,0.21059322357177734,2000,1000,ok,
