dataset,seed,feature_source,linear_probe_accuracy,silhouette,davies_bouldin,fisher_ratio,mean_intra_class_distance,mean_inter_class_distance,inter_intra_ratio,activation_sparsity,dead_unit_rate,mean_activation_per_unit,utilization_entropy,class_selectivity_index,train_subset_n,test_subset_n,status,error
mnist,0,oja,0.8,-0.095964603126049,5.421881068125797,0.2514082340341161,8.957877159118652,7.16970682144165,0.8003801228891001,0.140953125,0.0,4.195772171020508,4.758667867473001,0.1860016350983642,2000,1000,ok,
mnist,0,sparse_oja,0.279,-0.1836788952350616,38.541394499455336,0.2796563132819256,2.5350711345672607,1.2040908336639404,0.4749731939451099,0.8984375,0.8984375,0.6135937571525574,2.564949357448416,0.0085048877517692,2000,1000,ok,
mnist,0,homeostatic_sparse_oja,0.293,-0.1836156845092773,38.329259400981385,0.2799771687380625,2.5347843170166016,1.204503893852234,0.4751898951581961,0.8984375,0.8984375,0.6060402393341064,2.564949357448416,0.0086122163338586,2000,1000,ok,
mnist,0,raw_pixels,0.796,-0.0329241640865802,4.124297718587825,0.1710241832260358,20.874326705932617,22.96383285522461,1.1000993315246448,0.805579081632653,0.2002551020408163,0.1335794329643249,5.8956030693481,0.4947500590767179,2000,1000,ok,
mnist,1,oja,0.792,-0.0952441394329071,5.462658538502101,0.3172153839752416,8.756549835205078,7.117232799530029,0.8127896184539366,0.1163828125,0.0,4.2773027420043945,4.785134337788708,0.1805256822844967,2000,1000,ok,
mnist,1,sparse_oja,0.277,-0.1784443259239196,480.1467417585508,0.3588005529763411,2.489454746246338,1.2605983018875122,0.506375263012018,0.8984375,0.8984375,0.6136854887008667,2.564949357448417,0.0105757824494503,2000,1000,ok,
mnist,1,homeostatic_sparse_oja,0.281,-0.1783314645290374,302.2630984333098,0.3592300147649279,2.489085912704468,1.2613825798034668,0.5067653845794456,0.8984375,0.8984375,0.6059949994087219,2.564949357448417,0.0106976088718511,2000,1000,ok,
mnist,1,raw_pixels,0.807,-0.0381762087345123,4.278264724046427,0.1671204745316993,20.876697540283203,22.899463653564453,1.0968910963708254,0.8049770408163265,0.2168367346938775,0.1335895508527755,5.890801894589747,0.4792987751983562,2000,1000,ok,
mnist,2,oja,0.792,-0.0972277522087097,5.564291486072367,0.3190857064099777,8.522971153259277,6.740481376647949,0.7908605174698409,0.072015625,0.0,4.612242698669434,4.809733455464858,0.1479165685013868,2000,1000,ok,
mnist,2,sparse_oja,0.376,-0.1658267974853515,13.730785212757109,0.3448813958562038,2.4458887577056885,1.2738409042358398,0.5208090107214104,0.8984375,0.8984375,0.6160778999328613,2.564949357448417,0.0093001539935357,2000,1000,ok,
mnist,2,homeostatic_sparse_oja,0.404,-0.1657986044883728,13.702603066061874,0.3451891493315218,2.44565224647522,1.2742416858673096,0.5210232516512848,0.8984375,0.8984375,0.608620285987854,2.564949357448417,0.0094118145061656,2000,1000,ok,
mnist,2,raw_pixels,0.79,-0.0415906533598899,4.402662385112064,0.1647467817212213,20.78136444091797,22.632583618164062,1.089080733005192,0.8058941326530612,0.221938775510204,0.1333306580781936,5.8817552136236,0.4803248228391214,2000,1000,ok,
mnist,3,oja,0.827,-0.1135060563683509,5.918570217505694,0.3280706084661342,8.485723495483398,6.599853515625,0.777759671186205,0.060203125,0.0,4.699370384216309,4.822764668204774,0.1566251979675144,2000,1000,ok,
mnist,3,sparse_oja,0.263,-0.207840621471405,101.27200376360784,0.3455664011910986,2.427607536315918,1.230066418647766,0.5066990443249242,0.8984375,0.8984375,0.6190317869186401,2.564949357448417,0.0114131703157909,2000,1000,ok,
mnist,3,homeostatic_sparse_oja,0.279,-0.2077732980251312,98.71769562955176,0.3458908744797856,2.427268743515014,1.230229139328003,0.5068368068489842,0.8984375,0.8984375,0.611372709274292,2.564949357448417,0.0115432424936443,2000,1000,ok,
mnist,3,raw_pixels,0.815,-0.0359505638480186,4.074327816174156,0.1815433610859614,20.65366744995117,22.838666915893555,1.105792323384506,0.8038890306122449,0.2308673469387755,0.1350997984409332,5.89397287758216,0.4705095056406393,2000,1000,ok,
mnist,4,oja,0.796,-0.0983580946922302,6.010228051007623,0.3033553245933102,8.593461036682129,6.892371654510498,0.8020483976233619,0.0799453125,0.0,4.445259094238281,4.799571942072458,0.1487956169294193,2000,1000,ok,
mnist,4,sparse_oja,0.316,-0.1920493692159652,20.290848848425377,0.3410630338437682,2.4342620372772217,1.2452778816223145,0.5115627909206829,0.8984375,0.8984375,0.6107656359672546,2.564949357448416,0.009708818339277,2000,1000,ok,
mnist,4,homeostatic_sparse_oja,0.332,-0.1919528841972351,20.37725137091143,0.3415943157690588,2.4338483810424805,1.2455488443374634,0.5117610669747023,0.8984375,0.8984375,0.6029938459396362,2.564949357448416,0.0098217083141207,2000,1000,ok,
mnist,4,raw_pixels,0.8,-0.0474849082529544,4.125507023376491,0.1703153220982189,20.76155471801757,22.75711441040039,1.0961180277433609,0.8072066326530613,0.2155612244897959,0.1319312900304794,5.881706489118008,0.4866209569748263,2000,1000,ok,
mnist,5,oja,0.82,-0.0785853937268257,5.46198596360583,0.3683995148624777,8.372308731079102,6.802836894989014,0.8125401383892096,0.0936640625,0.0,4.455931186676025,4.78839937116822,0.1800434329197742,2000,1000,ok,
mnist,5,sparse_oja,0.257,-0.1653971672058105,52.14631237675958,0.4038881271222128,2.398172378540039,1.2695660591125488,0.5293889924146765,0.8984375,0.8984375,0.6222612261772156,2.564949357448417,0.0106741116032935,2000,1000,ok,
mnist,5,homeostatic_sparse_oja,0.266,-0.1653226464986801,52.67021541270933,0.4039679015374963,2.398129463195801,1.270042061805725,0.5295969551671781,0.8984375,0.8984375,0.6145399808883667,2.564949357448417,0.0107979844906367,2000,1000,ok,
mnist,5,raw_pixels,0.808,-0.0354408025741577,3.9914515851575856,0.1888546559480111,20.324806213378903,22.45640182495117,1.1048765527795306,0.8051020408163265,0.25,0.1342288106679916,5.875406658708605,0.4585768451382007,2000,1000,ok,
mnist,6,oja,0.806,-0.086710087954998,4.650737312561879,0.3926861372919027,8.484452247619629,7.016643047332764,0.8270001224063114,0.1168359375,0.0,4.11176347732544,4.783357344107804,0.1992023652419448,2000,1000,ok,
mnist,6,sparse_oja,0.325,-0.1762420684099197,23.39068465917169,0.440166934026899,2.363318920135498,1.1403862237930298,0.4825359007099916,0.8984375,0.8984375,0.6121591329574585,2.564949357448417,0.0118676239508204,2000,1000,ok,
mnist,6,homeostatic_sparse_oja,0.337,-0.1760950535535812,22.791011494539323,0.4403606282803741,2.3633391857147217,1.1418373584747314,0.4831457817718761,0.8984375,0.8984375,0.6043837666511536,2.564949357448417,0.0120009600068442,2000,1000,ok,
mnist,6,raw_pixels,0.819,-0.0393200367689132,4.018469061397261,0.1756017471999917,20.4537296295166,22.500465393066406,1.1000666284644285,0.8075408163265306,0.2346938775510204,0.1321453303098678,5.871781859329193,0.4811597919205622,2000,1000,ok,
mnist,7,oja,0.789,-0.0776119977235794,5.697006898153262,0.2801560506439102,8.750484466552734,7.192008018493652,0.8218982670025963,0.1149140625,0.0,4.266595840454102,4.773457518272815,0.1812523123808205,2000,1000,ok,
mnist,7,sparse_oja,0.311,-0.1851290911436081,43.44183704494625,0.2981683238886283,2.4919824600219727,1.3194202184677124,0.5294660936159034,0.8984375,0.8984375,0.6145850419998169,2.564949357448417,0.0102375124115496,2000,1000,ok,
mnist,7,homeostatic_sparse_oja,0.322,-0.1595924794673919,7.85474447395477,0.3539715946294243,2.627205610275269,1.7079261541366575,0.6500923062344777,0.8984375,0.890625,0.6058276295661926,2.614157047314996,0.0162056721164844,2000,1000,ok,
mnist,7,raw_pixels,0.794,-0.0358694344758987,4.1696429347876265,0.1741878294226106,20.66580581665039,22.65477561950684,1.0962444833025984,0.8044808673469388,0.2257653061224489,0.1344436854124069,5.897177761037357,0.4767438789297427,2000,1000,ok,
mnist,8,oja,0.834,-0.1013557538390159,6.3582300590877,0.2811287977303286,8.643036842346191,6.773595809936523,0.7837055346968782,0.1023515625,0.0,4.531820297241211,4.778187200720085,0.176293195458129,2000,1000,ok,
mnist,8,sparse_oja,0.343,-0.1796842217445373,80.33067575118727,0.3154846963506584,2.466782569885254,1.211853265762329,0.4912687808630855,0.8984375,0.8984375,0.614101767539978,2.564949357448416,0.0113505601184442,2000,1000,ok,
mnist,8,homeostatic_sparse_oja,0.344,-0.1796704232692718,79.51662582946028,0.3156984289933926,2.466599941253662,1.2118760347366333,0.4913143856316642,0.8984375,0.8984375,0.6064016819000244,2.564949357448416,0.011482851288747,2000,1000,ok,
mnist,8,raw_pixels,0.804,-0.0399447828531265,4.068423630356591,0.1780643969950706,20.649608612060547,22.775693893432617,1.1029600764505152,0.8063954081632653,0.2193877551020408,0.1333171129226684,5.887507820049644,0.4799772730591345,2000,1000,ok,
mnist,9,oja,0.814,-0.1122678220272064,6.661848859765861,0.2785790864842168,8.744698524475098,6.703166961669922,0.7665406580807786,0.106515625,0.0,4.517814636230469,4.78193931492345,0.1697365098516456,2000,1000,ok,
mnist,9,sparse_oja,0.42,-0.190914437174797,24.677440815482512,0.3068077534321711,2.5286121368408203,1.1946734189987185,0.4724621074115536,0.8984375,0.8984375,0.6117815971374512,2.564949357448417,0.0105003553908318,2000,1000,ok,
mnist,9,homeostatic_sparse_oja,0.435,-0.1908673644065857,24.57005115581282,0.3069373118428238,2.5285897254943848,1.195305347442627,0.4727162083237725,0.8984375,0.8984375,0.6047877073287964,2.564949357448417,0.010616788174957,2000,1000,ok,
mnist,9,raw_pixels,0.825,-0.0369372852146625,4.155111468791708,0.1725576035800279,20.659442901611328,22.59662818908692,1.093767547203483,0.8053137755102041,0.221938775510204,0.1334786266088485,5.890777921118287,0.4816419773031862,2000,1000,ok,
fashion_mnist,0,oja,0.754,-0.1333590000867843,7.11978498723808,0.5897297012905084,7.601556301116943,5.4878458976745605,0.7219371507999587,0.1571484375,0.0,7.748069763183594,4.717162314179987,0.2707027191063389,2000,1000,ok,
fashion_mnist,0,sparse_oja,0.581,-0.2073497325181961,13.539077561570698,0.7263704322790662,2.1581177711486816,1.0489522218704224,0.4860495733333497,0.8984375,0.8984375,0.967686653137207,2.564949357448417,0.016505264560692,2000,1000,ok,
fashion_mnist,0,homeostatic_sparse_oja,0.576,-0.2075661867856979,13.227388642727524,0.7280592930040557,2.156747341156006,1.047836184501648,0.4858409534143796,0.8984375,0.8984375,0.9620500802993774,2.564949357448417,0.01662506791763,2000,1000,ok,
fashion_mnist,0,raw_pixels,0.769,0.0262492038309574,3.612959969877269,0.4873230632644502,21.417856216430664,23.700477600097656,1.106575623657179,0.4977474489795918,0.0012755102040816,0.2884280979633331,6.464159326821931,0.4565784909420323,2000,1000,ok,
fashion_mnist,1,oja,0.778,-0.0901125743985176,7.00004230098897,0.751438140739506,7.232136726379394,5.391623497009277,0.7455090661301319,0.1486953125,0.0,7.484866142272949,4.730271643964665,0.3112969063222408,2000,1000,ok,
fashion_mnist,1,sparse_oja,0.62,-0.2215199470520019,24.604888469934668,0.9287018061451102,2.034569025039673,0.8666477203369141,0.4259613262910011,0.8984375,0.8984375,0.9517869353294371,2.564949357448416,0.0210774393053725,2000,1000,ok,
fashion_mnist,1,homeostatic_sparse_oja,0.623,-0.2217068672180175,25.164132985426143,0.927996874635482,2.034685134887696,0.8655608892440796,0.4254028667150157,0.8984375,0.8984375,0.9469324350357056,2.564949357448416,0.0211955914273858,2000,1000,ok,
fashion_mnist,1,raw_pixels,0.767,0.0296941641718149,3.295707253890167,0.5244387901063553,21.13631629943848,23.49203109741211,1.1114534228481008,0.4979808673469387,0.0012755102040816,0.2862873375415802,6.462701238001959,0.4646890559613856,2000,1000,ok,
fashion_mnist,2,oja,0.775,-0.1173833310604095,9.02913621421512,0.681022559355299,7.469861030578613,5.355261325836182,0.7169157905231669,0.0959453125,0.0,8.049158096313477,4.783000824665312,0.2477447313722223,2000,1000,ok,
fashion_mnist,2,sparse_oja,0.639,-0.2199716567993164,33.05557344058526,0.7611559450859892,2.149964570999145,0.955443561077118,0.4443996770759127,0.8984375,0.8984375,0.9541233777999878,2.564949357448417,0.0181885077618062,2000,1000,ok,
fashion_mnist,2,homeostatic_sparse_oja,0.631,-0.2205380052328109,35.25552252584667,0.7593789498015115,2.1507153511047363,0.953534722328186,0.4433570076290896,0.8984375,0.8984375,0.948618233203888,2.564949357448417,0.0182991320034489,2000,1000,ok,
fashion_mnist,2,raw_pixels,0.788,0.0238846782594919,3.6084205132666063,0.4904421376469048,21.340309143066406,23.5364990234375,1.102912749091245,0.5033035714285714,0.0,0.2835288047790527,6.459207733031379,0.4648910322587709,2000,1000,ok,
fashion_mnist,3,oja,0.761,-0.1391469091176986,6.2140658607525285,0.6545084869356828,7.525832653045654,5.3373122215271,0.7091988976616981,0.1445390625,0.0,7.537520408630371,4.733292035233224,0.2907808667514473,2000,1000,ok,
fashion_mnist,3,sparse_oja,0.582,-0.2214215099811554,15.284779790112555,0.8361497932653498,2.091644048690796,0.9070633053779602,0.4336604528601683,0.8984375,0.8984375,0.9527871608734132,2.564949357448417,0.0207574982196092,2000,1000,ok,
fashion_mnist,3,homeostatic_sparse_oja,0.581,-0.2217482179403305,15.26454219655219,0.8346441556939992,2.092432975769043,0.9059345722198486,0.4329575105680279,0.8984375,0.8984375,0.9478337168693542,2.564949357448417,0.0208883284358307,2000,1000,ok,
fashion_mnist,3,raw_pixels,0.749,0.0266278162598609,3.504011835537562,0.4715237801550831,21.407485961914062,23.52242660522461,1.0987944426109693,0.500577806122449,0.0,0.2855751514434814,6.458069126886131,0.4545430560995425,2000,1000,ok,
fashion_mnist,4,oja,0.782,-0.134540170431137,8.310196522708832,0.7151266277813413,7.242307662963867,4.874149322509766,0.6730105305294886,0.1135546875,0.0,7.878179550170898,4.757488934064775,0.2622374986531213,2000,1000,ok,
fashion_mnist,4,sparse_oja,0.602,-0.2265856564044952,68.31690822224752,0.8588982774669238,2.0707547664642334,0.9015265703201294,0.4353613401837196,0.8984375,0.8984375,0.9607276320457458,2.564949357448416,0.0192373353056609,2000,1000,ok,
fashion_mnist,4,homeostatic_sparse_oja,0.601,-0.2265673875808715,72.2699926767427,0.8583562197951802,2.070941686630249,0.9016231298446656,0.43536867100846,0.8984375,0.8984375,0.955165147781372,2.564949357448416,0.0193684332771226,2000,1000,ok,
fashion_mnist,4,raw_pixels,0.773,0.0252448599785566,3.5607553223961323,0.505206713884153,21.221508026123047,23.32583236694336,1.099159981384398,0.4982882653061224,0.0038265306122448,0.2862511575222015,6.460793842078681,0.4621405277724321,2000,1000,ok,
fashion_mnist,5,oja,0.77,-0.160436138510704,6.959499233274362,0.6831683078031702,7.193109035491943,4.859104156494141,0.675522104908722,0.11165625,0.0,8.000261306762695,4.760632529033831,0.2742163527291268,2000,1000,ok,
fashion_mnist,5,sparse_oja,0.645,-0.2327046394348144,31.645607907985653,0.7981806826072124,2.074737787246704,0.9382072687149048,0.45220522539357,0.8984375,0.8984375,0.9553433060646056,2.564949357448417,0.0206153468461707,2000,1000,ok,
fashion_mnist,5,homeostatic_sparse_oja,0.642,-0.2325349450111389,30.825072230495227,0.8014360446425084,2.072511672973633,0.9358781576156616,0.4515671346122819,0.8984375,0.8984375,0.9500468969345092,2.564949357448417,0.0207922147819772,2000,1000,ok,
fashion_mnist,5,raw_pixels,0.748,0.026430768892169,3.4166412945063187,0.4952388225624247,21.282983779907227,23.56518745422364,1.1072313777953389,0.5012576530612245,0.0038265306122448,0.2864439487457275,6.459667443072751,0.4553982458951674,2000,1000,ok,
fashion_mnist,6,oja,0.732,-0.11807731539011,8.043309080161363,0.6227787362690376,7.699493408203125,5.725319862365723,0.7435969561666435,0.1710625,0.0,7.41062068939209,4.715961569514894,0.2871038898592815,2000,1000,ok,
fashion_mnist,6,sparse_oja,0.567,-0.2363316416740417,42.2359321316949,0.785057563234973,2.1164562702178955,0.9303996562957764,0.4396025891900659,0.8984375,0.8984375,0.9689828157424928,2.564949357448417,0.0174056742107495,2000,1000,ok,
fashion_mnist,6,homeostatic_sparse_oja,0.563,-0.2362973392009735,40.2150018960932,0.787136525837586,2.1151723861694336,0.9288978576660156,0.4391594102397515,0.8984375,0.8984375,0.9632641077041626,2.564949357448417,0.017551272525452,2000,1000,ok,
fashion_mnist,6,raw_pixels,0.738,0.0161897595971822,3.629203947617058,0.4822232066986399,21.350988388061523,23.221519470214844,1.0876086412560717,0.4965701530612245,0.0025510204081632,0.2884190082550049,6.465257150633436,0.4509163429029286,2000,1000,ok,
fashion_mnist,7,oja,0.768,-0.1199268996715545,9.933017698148394,0.6344346380070162,7.559065341949463,5.697285175323486,0.753702331914678,0.143984375,0.0,7.698774814605713,4.733952666091332,0.2745935294078663,2000,1000,ok,
fashion_mnist,7,sparse_oja,0.578,-0.2202605456113815,45.03677031334979,0.7938408525010145,2.11253023147583,0.9998589158058168,0.4732992223769665,0.8984375,0.8984375,0.9711124897003174,2.564949357448416,0.0186531645013019,2000,1000,ok,
fashion_mnist,7,homeostatic_sparse_oja,0.569,-0.2202465385198593,44.826947872476914,0.7950259294730229,2.1114559173583984,0.9983383417129515,0.4728198839033687,0.8984375,0.8984375,0.9660231471061708,2.564949357448416,0.018817558302544,2000,1000,ok,
fashion_mnist,7,raw_pixels,0.764,0.0295525845140218,3.7634708224168407,0.5156083608679134,21.18584632873535,23.61824417114257,1.1148123990263696,0.4988622448979591,0.0038265306122448,0.2901219427585602,6.45879337714352,0.455169048958591,2000,1000,ok,
fashion_mnist,8,oja,0.779,-0.1015410423278808,5.566089669838431,0.7943782553893781,7.1113996505737305,5.191606044769287,0.7300399780442252,0.113015625,0.0,7.74714469909668,4.764673776273157,0.265512177022174,2000,1000,ok,
fashion_mnist,8,sparse_oja,0.55,-0.2008114010095596,16.78425185687695,0.9349018780569484,2.0237271785736084,0.936472237110138,0.4627462866658403,0.8984375,0.8984375,0.9447988271713256,2.564949357448417,0.0192897352389991,2000,1000,ok,
fashion_mnist,8,homeostatic_sparse_oja,0.548,-0.2014292478561401,18.71305020343103,0.9329416755371585,2.0247769355773926,0.9355026483535768,0.4620275112361171,0.8984375,0.8984375,0.9401450157165528,2.564949357448417,0.0194270117208361,2000,1000,ok,
fashion_mnist,8,raw_pixels,0.77,0.0297987982630729,3.6188768121210506,0.5272306194113072,20.997949600219727,23.44289970397949,1.1164375641578388,0.5028801020408163,0.0012755102040816,0.2847786247730255,6.457049095386815,0.4634733692723877,2000,1000,ok,
fashion_mnist,9,oja,0.77,-0.1554196923971176,7.488250961703111,0.7131067972639282,7.231654167175293,4.7559733390808105,0.6576605060385308,0.100015625,0.0,8.171577453613281,4.772692886307304,0.2585134832188487,2000,1000,ok,
fashion_mnist,9,sparse_oja,0.647,-0.1486016064882278,11.750791175235031,0.8790939308975037,2.215584754943848,1.334218144416809,0.6021968428149893,0.8984375,0.890625,0.9677083492279052,2.610561151097219,0.0258710596244782,2000,1000,ok,
fashion_mnist,9,homeostatic_sparse_oja,0.642,-0.1214014440774917,8.109130491194737,0.9507146622522008,2.125455617904663,1.3687764406204224,0.6439920123898699,0.8984375,0.890625,0.9649550914764404,2.615256387422545,0.0262946290895342,2000,1000,ok,
fashion_mnist,9,raw_pixels,0.783,0.0249076262116432,3.4029179725201315,0.5103218685651204,21.171825408935547,23.440204620361328,1.1071414092838356,0.4988941326530612,0.0012755102040816,0.2869678735733032,6.461898398181509,0.4651257057807275,2000,1000,ok,
mnist,0,mlp_hidden,0.868,0.1212127655744552,2.2334141420757145,0.967404149193012,7.519082069396973,9.886696815490724,1.3148808224515518,0.1498515625,0.0234375,0.5619368553161621,4.797180137220298,0.3871404194505885,2000,1000,ok,
mnist,0,standard_cnn_penultimate,0.907,0.121343620121479,2.166356951193692,1.1887846597142473,5.787310600280762,7.576084136962891,1.3090854561346752,0.3537421875,0.34375,0.8050780296325684,4.430449588792363,0.1711893976898864,2000,1000,ok,
mnist,1,mlp_hidden,0.863,0.1218201890587806,2.2742266114502314,0.9974375188054282,7.598728656768799,9.945487022399902,1.308835658125435,0.12328125,0.0078125,0.5818856954574585,4.828316599546353,0.3802093995036557,2000,1000,ok,
mnist,1,standard_cnn_penultimate,0.912,0.1379642784595489,2.171592764836572,1.3190079263354066,5.922245979309082,7.9418044090271,1.3410122505503037,0.3133125,0.296875,0.6743307113647461,4.4992599596517024,0.1853881850256584,2000,1000,ok,
mnist,2,mlp_hidden,0.861,0.1087114736437797,2.4703536192572715,0.9587403091425843,7.587606430053711,9.743890762329102,1.2841850525790703,0.129265625,0.015625,0.5849342346191406,4.812488726080952,0.370804060716182,2000,1000,ok,
mnist,2,standard_cnn_penultimate,0.916,0.1486442536115646,2.0719134774673225,1.5127090336733362,5.531156539916992,7.606453895568848,1.3752013418303335,0.3296484375,0.3203125,0.4433608651161194,4.465668510785418,0.1645845154416747,2000,1000,ok,
mnist,3,mlp_hidden,0.879,0.1234216690063476,2.182214602962142,1.0643241188906318,7.346578598022461,9.752269744873049,1.3274573483086152,0.154671875,0.0234375,0.5604660511016846,4.80850429573097,0.3974080958869308,2000,1000,ok,
mnist,3,standard_cnn_penultimate,0.92,0.1472030580043792,2.0540098594644176,1.4037964077679672,5.293719291687012,7.3829026222229,1.39465321363285,0.41378125,0.3984375,0.4983488917350769,4.3433098672309445,0.1634526302223093,2000,1000,ok,
mnist,4,mlp_hidden,0.859,0.115595169365406,2.268977836304937,1.0018748702300426,7.525063037872314,9.830126762390137,1.306318194667013,0.1163515625,0.0078125,0.5918313264846802,4.826071197736627,0.3714055363088846,2000,1000,ok,
mnist,4,standard_cnn_penultimate,0.893,0.1146366670727729,2.264073227250804,1.1244105275069252,5.869155406951904,7.661605358123779,1.3054016850614394,0.3692421875,0.34375,0.6759639978408813,4.415223774329847,0.1708278877777047,2000,1000,ok,
fashion_mnist,0,mlp_hidden,0.787,0.1206059381365776,2.6421153401619857,1.6975287524498843,5.8010783195495605,7.441395759582519,1.282760781647065,0.33046875,0.1328125,0.81911700963974,4.637311055738765,0.4131545586278662,2000,1000,ok,
fashion_mnist,0,standard_cnn_penultimate,0.768,0.0803539976477623,3.545341505930017,2.105154140575347,4.752239227294922,5.7079291343688965,1.201103071912643,0.3856015625,0.3203125,1.1421657800674438,4.450656446345672,0.2373612214578315,2000,1000,ok,
fashion_mnist,1,mlp_hidden,0.799,0.1177530661225318,2.4886408431604083,1.615844809321362,6.046510219573975,7.740301609039307,1.2801271027345411,0.266625,0.078125,0.9078031778335572,4.687924573249001,0.4333950919099152,2000,1000,ok,
fashion_mnist,1,standard_cnn_penultimate,0.81,0.0761492922902107,2.898745113539193,2.3214922485573064,4.67025089263916,5.40936279296875,1.1582595704854646,0.3420546875,0.3125,1.0233538150787354,4.475725026326906,0.2140460911905393,2000,1000,ok,
fashion_mnist,2,mlp_hidden,0.797,0.1003189161419868,2.7096648945928914,1.4948911759729633,6.17753791809082,7.634322643280029,1.2358196330809728,0.2163203125,0.0703125,0.9807770848274232,4.730020520422531,0.3972928543807938,2000,1000,ok,
fashion_mnist,2,standard_cnn_penultimate,0.777,0.0972454473376274,2.8419992554820013,2.1545368907133025,4.8093109130859375,5.8126726150512695,1.2086289949011235,0.3488671875,0.3046875,0.6505903005599976,4.485189198804026,0.2143281060270965,2000,1000,ok,
fashion_mnist,3,mlp_hidden,0.79,0.0910245403647422,2.7371805162704312,1.4708862919227452,6.098419189453125,7.359498977661133,1.2067879804634891,0.269078125,0.09375,0.9349138736724854,4.679463776943223,0.4014099008636549,2000,1000,ok,
fashion_mnist,3,standard_cnn_penultimate,0.774,0.0697835832834243,2.837002535494152,1.8625571209497624,4.750791549682617,5.440302848815918,1.1451360877279957,0.402953125,0.3671875,0.8155571222305298,4.3780261748566405,0.2034938645083457,2000,1000,ok,
fashion_mnist,4,mlp_hidden,0.806,0.1049178913235664,2.826510840194335,1.5748410282474952,6.131768703460693,7.545431137084961,1.2305472534906907,0.2511171875,0.1015625,0.9164162874221802,4.692001951509592,0.3887373376637697,2000,1000,ok,
fashion_mnist,4,standard_cnn_penultimate,0.814,0.06272556632757187,3.7530399227255353,1.948367307298467,4.991510391235352,5.554970741271973,1.1128837377609981,0.3231640625,0.2890625,1.0901046991348267,4.5085381184094055,0.2088472555624321,2000,1000,ok,
